AccountKey,Account,DriverType,Commentary,ForecastTreatment
1,Kitchenware Revenue,Price / Volume,March promotional pricing (about 2-3% below list) lifted units well above plan from April onward. The volume gain more than offset the lower price.,Promo pricing and +8% volume vs. budget carried through Q4. Review promo ROI before the FY2027 price file.
2,Home Textiles Revenue,Volume (supply),"A supplier delay caused stockouts in May and June, with units 14-20% below plan in those months. Volume recovered to within 3-5% of plan by August-September; pricing held.",Forecast assumes -4% volume vs. budget in Q4. Second-source supplier qualified in August to reduce stockout risk.
3,Home Decor & Lighting Revenue,Price,A 4% list price increase effective April held with no volume loss; units ran slightly ahead of plan.,Higher price and +4% volume carried through Q4.
4,Materials,Rate / Volume,"Cotton input costs rose about 7% from April, raising Home Textiles material cost per unit. Higher Kitchenware volume also added material spend, which is volume-driven rather than a cost overrun.",Forecast keeps the higher textiles cost. Procurement is negotiating a 2027 fixed-price contract.
5,Direct Labor,Efficiency,Overtime in July and August to rebuild Home Textiles inventory after the supplier delay; labor per unit ran 6-7% above standard in those months.,Overtime ended in September. Forecast carries 2% over standard.
6,Freight & Fulfillment,Rate,"Carrier fuel surcharges from May, plus expedited inbound and customer shipments in June-July during the stockout recovery. Freight peaked near 6% of revenue vs. 4.5% budgeted.","Forecast at 5.0% of revenue: surcharge stays, expediting stops. Carrier contract rebid planned for Q1 FY2027."
7,Salaries & Benefits,Timing / Headcount,"Two open roles in February-March produced savings in H1. Both were filled by July, and July onward also carries a higher benefits renewal, so the run-rate is now above budget.",Forecast at $298K per month including holiday temp staff. The YTD favorability will partly reverse in Q4.
8,Marketing & Advertising,Discretionary,Unbudgeted spring campaign in March and a larger back-to-school push in August. Spend supported the Kitchenware volume gain.,Q4 held at 9.2% of revenue. Any further campaign needs a payback case.
10,Software & IT,Scope change,"Inventory planning module added in May (about $6.5K per month), approved after the Home Textiles stockouts.",Run-rate of $44.7K per month carried forward. Permanent increase to build into the FY2027 budget.
11,Professional Fees,One-time,"Legal fees for renegotiating the textiles supplier contract and recruiter fees for the two hires, mostly in June and July.",Non-recurring. Forecast returns to about $24K per month.
12,Travel & Entertainment,Savings,One trade show attended virtually and lower sales travel in Q2-Q3.,"Forecast at $13K per month, slightly below budget."
9,Rent & Utilities,Contractual,Lease renewal escalator effective July (+$2.1K per month).,Carried in forecast.
13,Insurance,Contractual,Policy renewed in July at about 8% higher premium.,Carried in forecast.
14,Other G&A,Mixed,Small month-to-month fluctuations; no single driver.,Forecast at YTD average.
